keyword,url
blocked drain bradford,https://bradfordblockeddrains.co.uk/
blocked drains bradford,https://bradfordblockeddrains.co.uk/
blocked drains in bradford,https://bradfordblockeddrains.co.uk/
drain blockage bradford,https://bradfordblockeddrains.co.uk/
bradford blocked drains,https://bradfordblockeddrains.co.uk/
blocked toilet bradford,https://bradfordblockeddrains.co.uk/services/blocked-drains/blocked-toilet
blocked sink bradford,https://bradfordblockeddrains.co.uk/services/blocked-drains/blocked-sink
cctv drain survey bradford,https://bradfordblockeddrains.co.uk/services/cctv-drain-surveys
cctv drain survey cost,https://bradfordblockeddrains.co.uk/services/cctv-drain-surveys
cctv drainage survey cost,https://bradfordblockeddrains.co.uk/services/cctv-drain-surveys
drainage cctv survey cost,https://bradfordblockeddrains.co.uk/services/cctv-drain-surveys
drain jetting bradford,https://bradfordblockeddrains.co.uk/services/drain-jetting
high pressure drain jetting,https://bradfordblockeddrains.co.uk/services/drain-jetting
emergency drain unblocking bradford,https://bradfordblockeddrains.co.uk/services/emergency-drain-services
24 hour drain unblocking bradford,https://bradfordblockeddrains.co.uk/services/emergency-drain-services
drain repairs bradford,https://bradfordblockeddrains.co.uk/services/drain-repairs
drain relining bradford,https://bradfordblockeddrains.co.uk/services/drain-repairs/pipe-relining
blocked drains shipley,https://bradfordblockeddrains.co.uk/locations/shipley/blocked-drains
blocked drains keighley,https://bradfordblockeddrains.co.uk/locations/keighley/blocked-drains
blocked drains bingley,https://bradfordblockeddrains.co.uk/locations/bingley/blocked-drains
blocked drains ilkley,https://bradfordblockeddrains.co.uk/locations/ilkley/blocked-drains
blocked drains saltaire,https://bradfordblockeddrains.co.uk/locations/saltaire/blocked-drains
blocked drains idle,https://bradfordblockeddrains.co.uk/locations/idle/blocked-drains
blocked drains thornton,https://bradfordblockeddrains.co.uk/locations/thornton/blocked-drains
blocked drains queensbury,https://bradfordblockeddrains.co.uk/locations/queensbury/blocked-drains
drain unblocking near me,https://bradfordblockeddrains.co.uk/locations
